draft_overall,2011,2012,2013,2014,2015,2016,2017,2018,2019,2020
1,22.025498,22.107997999999995,21.984520999999997,22.272998,25.226865000000004,29.677990000000005,19.595716000000003,13.37031,6.392480999999999,44.19014
2,20.125464,14.399384999999995,21.201598,17.834262000000003,24.213974000000004,26.582191,19.794843,12.761489,6.100339,24.127200000000002
3,20.407301000000004,7.1440269999999995,8.212116000000002,20.654802,13.671232999999999,25.873672,19.196168999999998,12.374057000000002,5.9144309999999995,26.542429
4,19.688097999999997,19.770598000000003,20.962556,14.282457,15.863892,22.796145,18.412016000000005,11.931281999999998,5.701966,31.345587999999992
5,19.5027,6.631390000000001,18.594501999999995,18.677002,21.215637999999995,18.272693999999998,17.314602000000004,11.156415999999998,5.330148,30.275435999999996
6,16.18375,16.264501999999997,11.820682999999999,16.429499999999997,18.630868000000003,20.484332,15.176460000000002,9.772735999999998,4.666192,26.578754000000004
7,13.147054,9.183537000000001,7.274500000000001,14.590913999999994,13.551585000000001,18.190990000000003,13.465946999999998,8.665787,4.135025,23.621404000000002
8,12.586002000000002,13.510988999999997,16.505113,6.036751,14.495228000000001,15.859523999999997,11.755434000000003,7.558841,3.6038590000000004,15.099128
9,13.496097999999998,15.273337,8.632569,12.743595999999998,10.310260000000001,15.782990000000003,11.669907,7.503494,3.577301,10.898448
10,10.194527999999998,12.084150000000001,12.166645999999997,12.249145999999998,16.653202,9.722908000000002,11.199518999999999,4.479491,3.43123,17.873504999999998
11,12.237497999999997,11.320004,11.402498,11.485004,12.944364000000002,10.647948000000001,10.472546999999999,4.073702,3.205485,18.446046
12,10.158698,10.241197999999999,10.323698,10.406198,10.010730000000002,12.801645999999998,9.446238000000001,6.064461,2.886784,3.031205
13,9.889000000000001,9.9715,9.55547,10.1365,11.393495999999999,10.642623,9.189663000000001,5.89842,2.8071090000000005,14.777696
14,9.436029000000001,9.522,9.604500000000002,7.045091,10.876539999999999,11.884316000000002,8.762036999999998,5.621686,2.674319,15.488699999999998
15,9.259694999999999,8.996566999999999,9.027013,9.507204000000002,10.669762,5.858535999999999,8.590983,5.51099,2.621202,15.192957999999999
16,8.720294000000003,6.536747999999999,8.885299999999999,8.967798,10.04941,10.966978,8.077827,5.178903999999999,2.461851,14.305746000000001
17,8.540491999999999,8.622995999999999,8.705502,8.788001999999999,9.842628000000003,10.737646,7.9067729999999985,5.068208,2.408734,14.010014
18,8.315744,8.398248,8.480754,5.838582000000001,8.199746,10.450985999999999,7.692963000000001,4.929845,2.34234,14.234784000000003
19,8.180898,8.263398000000002,8.345898,8.428397999999998,7.286199999999999,10.278976000000002,7.564673999999999,4.84682,2.302501,2.476535
20,8.210166,8.218452,13.273793999999999,7.279187999999999,9.377372000000001,8.488636,7.521909,4.819147,2.289222,13.34461
21,8.09325,8.173499,8.256000999999998,8.338501,9.325679999999998,10.164311999999999,7.4791500000000015,4.791474,2.275943,7.862561
22,8.001095999999997,4.1486909999999995,8.166096,3.374426,9.222285999999999,6.852029999999999,7.3936199999999985,4.736124,2.249384,13.122805999999999
23,3.8004000000000007,7.9937000000000005,8.0762,8.1587,9.118894,7.366790999999999,7.3080989999999995,2.600434,2.222827,12.974943999999997
24,7.731400000000002,7.813898,5.383907999999999,7.978899000000001,7.291728000000002,7.940980000000001,5.1155230000000005,4.570083,2.169709,13.679198
25,7.641502,7.724002,7.806501999999999,7.889002000000001,8.808726,9.590984,5.636118,4.51474,2.143153,12.531350000000002
26,4.150801,8.184096000000002,7.651510999999999,6.307569000000001,4.850311999999999,4.331964999999999,6.965994,4.45939,2.116593,12.852546000000002
27,7.4617,7.5442,7.6267000000000005,7.709199999999999,8.601938,9.361642,6.880467,4.404042,2.090035,12.235603999999997
28,7.416750000000001,7.49925,7.581749999999999,4.013162,7.561067999999999,4.229232,5.317355,4.376368999999999,2.076756,12.16167
29,4.753023,7.138545999999999,7.221046,3.587816,5.8970780000000005,5.86404,6.494553,4.154299,1.970196,2.06746
30,6.875,2.9905779999999997,7.030023999999999,7.112529000000001,6.911505,8.396516,6.312825,4.0366979999999995,1.913766,9.817984000000001
31,6.7050279999999995,6.787527999999999,6.870028,6.952528,5.6563170000000005,8.265106,3.1868070000000004,3.9381929999999996,1.866498,1.998369
32,3.00091,2.7345690000000005,4.9093160000000005,4.981456,7.613231999999999,5.857887,6.0625979999999995,3.874766,1.836063,10.821575999999999
33,2.270448,5.386599,5.469104,5.551689999999999,6.120558,2.680488,4.827852,1.8986979999999998,1.452636,9.885226
34,7.816991999999998,5.341648,4.254165,5.255844,6.068858,5.814068000000001,4.785087,3.04803,1.439355,9.821362999999998
35,12.614198,5.296698,6.979197999999999,15.961698,5.358138,4.640223999999999,1.6842380000000001,3.0203569999999997,1.426077,7.596388000000001
36,7.261283,4.947971,8.213033,19.394283000000005,5.913776000000001,8.734437999999999,4.656798,2.9650119999999998,1.399519,8.391046000000001
37,5.09025,5.17084,8.203340000000003,3.6380730000000003,2.402354,6.231240000000001,3.5015620000000003,2.9428720000000004,1.388895,9.328733
38,1.138053,5.089934,5.172428,3.8389699999999998,5.779368,14.528038,3.3334529999999996,2.8930610000000003,1.364994,8.198828000000002
39,3.9747510000000004,4.990319,5.019602999999999,5.174022,7.675906999999999,4.242726,4.468644,2.8432459999999993,1.34109,9.348867
40,4.854598,4.937104,4.673102,4.816,1.7085460000000001,7.444572,4.400223,2.798971,1.319845,4.695948
41,3.7169980000000002,4.8651800000000005,4.866769,5.030177999999999,5.520892,2.943102,4.331802,2.7546910000000002,1.298597,10.455541
42,4.701763999999999,2.7821329999999995,3.4871649999999996,4.469403,2.060073,4.558859999999999,4.254825,2.704878,1.274694,6.117496
43,5.929850999999999,1.9277790000000001,3.4223740000000005,4.877346,11.345124000000002,5.662228,4.18641,2.660603,1.253449,12.527450999999997
44,1.748662,4.643822,4.630336,3.603448,2.393778,3.228045,4.121214,2.618411,1.233203,8.665061999999999
45,4.448126,4.54783,4.390298,4.712835999999999,7.255920000000001,5.4079299999999995,4.029897,2.5593139999999996,1.204846,7.107347000000001
46,4.356,6.044444,2.569255,7.160883999999999,3.434328,5.233638,3.9315420000000003,2.317479,1.174305,5.046227999999999
47,4.2261050000000004,5.9077980000000005,4.210496,3.0496350000000003,3.52312,9.618973999999998,3.801453,2.4115390000000003,1.133936,2.984456
48,4.135402,4.217896,3.848128,6.382902,4.776472,5.0043,3.716019,2.356191,1.107378,6.764512
49,1.6622029999999999,4.1279959999999996,4.030698,1.590817,4.673082,4.495483,3.630492,2.300843,1.080819,5.707757
50,3.9556,1.618212,2.158354,4.2031,3.727984,10.156795,3.544968,2.245498,1.054262,7.969669
51,3.749663,1.683998,6.702499999999999,1.539859,3.0452069999999996,1.906488,3.459444,2.19015,1.027703,10.152965999999997
52,1.4281359999999999,3.8582980000000004,3.050248,4.0232980000000005,3.762313,8.125779999999997,2.504495,2.134802,1.001145,5.499362000000001
53,3.685902,2.07809,3.6711000000000005,7.5334020000000015,4.25952,1.457039,2.077036,2.079457,0.974587,10.262360000000001
54,1.703818,2.5080679999999997,4.12185,1.57234,3.2463080000000004,4.316304999999999,2.348766,2.024107,0.948028,5.877304
55,3.5061,2.4467730000000003,4.999178,3.7536020000000003,4.052734,8.927720000000003,3.117342,1.968761,5.995514,5.729437999999999
56,3.4611499999999995,2.416125,2.42334,3.7086499999999996,1.63679,5.324567999999999,1.688121,0.695676,0.908191,5.65551
57,1.405652,3.5166779999999993,3.2369060000000003,3.6816780000000002,4.770017999999999,1.780662,3.048912,1.924479,0.900222,4.818945
58,3.3892319999999994,8.471732,1.4172250000000002,0.7882830000000001,3.9183320000000004,4.086966,3.0061590000000002,1.896811,0.886945,5.4381520000000005
59,2.6861029999999997,3.3818319999999997,2.337525,3.5737980000000005,3.317426,0.73683,2.946285000000001,1.032258,0.868352,3.930193
60,3.074448,3.3458699999999997,4.001398,3.2219539999999998,2.431096,1.479083,2.9206229999999995,1.841459,0.860384,5.389336
61,0.741675,1.592437,3.3924119999999998,3.51087,4.173586,3.9722980000000003,1.7318500000000001,1.819321,0.849762,5.330196
62,2.775749,3.3099119999999997,1.761625,2.809543,2.551749,3.960836,2.833405,1.802716,0.841794,5.285830000000001
63,4.5923110000000005,3.29193,5.012116,3.474908,3.732226,3.9379039999999996,2.8522049999999997,1.797183,0.839139,5.026317
64,3.209421,3.822304,2.2552999999999996,4.706929999999999,3.471722,6.5751919999999995,2.835102,1.7861129999999998,0.833827,6.909726999999999
65,2.2020020000000002,3.788176,3.9880000000000004,8.585303999999999,0.630153,4.310986,2.374486,1.675364,0.732508,6.6711920000000005
66,1.2023350000000002,3.7810000000000006,2.177651,5.7889289999999995,0.8517410000000001,0.25411799999999996,2.648879,1.670515,0.778357,6.3930050000000005
67,2.7349999999999994,3.0008320000000004,3.9479319999999998,2.555618,4.449596,4.7236519999999995,2.637079,1.670029,0.688654,4.796635
68,2.481718,2.043069,1.218625,0.724708,2.365495,0.782117,2.64087,1.664807,0.11199999999999999,6.330422
69,3.6450920000000004,1.6715079999999998,6.456853,3.0480329999999998,6.746751999999999,4.671317999999999,2.632234,1.6591,0.731587,6.616671
70,3.5472479999999993,2.8771660000000003,2.161056,2.1234390000000003,1.47158,1.400636,2.61413,1.648231,0.767664,6.341587000000001
71,3.6239689999999998,2.182243,3.8672410000000004,7.2715000000000005,1.50346,2.365862,2.585474,1.63951,0.7616,6.324495000000001
72,1.3313970000000002,3.6800800000000002,3.8668760000000004,1.289588,3.2729610000000005,3.20689,2.3265059999999997,1.398331,0.758221,6.042547000000001
73,2.9535,0.550969,3.100219,1.9681876036313202,3.2193720000000003,3.4380040000000003,2.255553,1.6216,0.756545,7.071415999999999
74,1.4469370000000001,2.669007,3.850472,3.0038759999999995,1.36525,1.4261759999999999,2.5009829999999997,1.56332,0.753956,4.787121
75,1.15875,9.098123000000003,5.083436000000001,1.2687849999999998,0.618292,2.2417670000000003,2.081935,1.6112,0.691573,6.525669000000001
76,1.32467,3.6394359999999994,9.6948,4.021472,4.274436,3.4567680000000003,2.350973,0.891333,0.745805,3.2910269999999993
77,6.5824359999999995,3.6499599999999996,5.260014928191745,0.560594,6.069592,4.970331,1.333908,1.5846,0.744328,2.3171250000000003
78,1.8787070000000001,1.189478,2.853876,3.9608000000000003,2.449434,4.488428,1.6127220000000002,0.737167,0.741312,6.2293769999999995
79,2.712001,0.420844,3.787376,2.554423,4.054029,4.000864,0.676581,1.575278,3.960836,0.9924259999999999
80,2.7201570000000004,2.169753,3.7820679999999998,0.921778,0.08117599999999998,1.832324,1.812641,1.3393169999999999,0.735219,2.500953
81,0.9670209999999999,4.096439,1.6682139999999999,12.651375999999997,4.22212,4.444524,2.356044,1.55399,0.733061,1.919642
82,2.098039,2.7275599999999995,2.228611,1.999551,1.3150080000000002,3.1427319999999996,0.560096,1.548994,0.72867,4.917491
83,2.690252,3.575252,3.759252,0.05279999999999999,1.50001,4.40892,1.664448,1.53986,0.725545,6.154084
84,3.460686,2.5169580000000003,6.1259440000000005,1.2502840000000002,4.115673,4.039212,2.317623,1.53307,0.723795,1.7373290000000001
85,2.60324,1.8918340000000002,5.332862,1.3076642996396286,4.178276,1.3620519999999998,3.276152,0.758973,2.697481,6.109838
86,4.670944,1.54269,1.9140350000000002,1.367678,7.145372,1.7307819999999998,1.3304580000000001,1.52283,0.601051,3.599871
87,1.147203,3.34414,2.1713400000000003,2.678347,1.9147580000000002,4.415628,0.162,1.517438,0.716534,4.503929
88,1.75469,5.99464,1.9529340000000002,2.659035,7.141224,4.408048,0.845009,1.521878,0.716031,5.034351
89,2.58414,3.131763,0.423725,1.21957,3.2508960000000005,4.419256,1.3919480000000002,1.5160719999999999,0.715779,3.107407
90,1.407936,1.1449,2.7358000000000002,3.9005199999999998,2.099042,3.1124639999999997,2.301965,1.51098,0.598527,4.475554
91,2.632175,1.8402,3.7011000000000007,3.8939,1.690289,10.409558999999998,2.2944750000000003,1.505012,3.8620759999999996,2.852226
92,2.092891,4.9774,1.7085080000000001,5.89847,2.355603,3.082696,2.285071,1.506182,0.697985,7.6258560000000015
93,3.3796,2.6362,1.688394,12.9231,3.9161979999999996,2.5257169999999998,2.305582,1.479781,0.709232,2.279862
94,2.6225,2.4958080000000002,3.671,3.15885,2.434217,2.762778,2.2061900000000003,1.491852,0.706713,4.27145
95,1.7859,1.303008,0.1071,3.1915999999999998,1.421708,4.327419999999999,2.2766070000000003,1.475186,0.704195,1.900713
96,1.6600000000000001,2.9919469999999997,2.271865,2.7374709999999998,1.58873,0.7092959999999999,2.266118,1.47652,0.700545,3.151304
97,1.6735959999999999,3.468,1.4050669999999998,0.546504,1.1319569999999999,1.473945,2.2507159999999997,1.4662579999999998,0.700545,4.34431
98,0.499257,3.3453179999999993,1.769102,3.858016,4.089948,4.33242,1.5514089999999998,1.460758,4.950443,4.201182
99,4.312,3.463447999999999,0.881206,1.909512,0.7375459999999999,4.278956,2.244716,1.464508,0.700545,4.32956
100,3.3104240000000003,2.577,3.6060119999999998,1.2672720000000002,2.811396,0.604972,2.2427159999999997,1.468258,0.700545,2.6210139999999997
101,3.307448,2.574428,1.0242529999999999,2.0142569999999997,4.00652,0.559117,0.837454,1.4239959999999998,0.375545,2.0789389999999996
102,3.3033999999999994,2.572688,0.553368,3.7794280000000007,4.0391200000000005,0.653913,2.233834,1.415698,0.700545,7.42781
103,3.300428,1.4573949999999998,3.534073999999999,6.311424000000001,1.4168479999999999,2.142691,2.240716,1.414514,0.579894,2.083664
104,2.512688,0.506888,3.6286880000000004,0.148235,0.523969,5.033846,2.405895,1.412274,0.692414,2.5882009999999998
105,3.2962520000000004,3.411022,1.9568070000000002,1.074794,4.027624,1.428221,2.240716,0.659464,0.691775,4.508737
106,1.058776,2.0541069999999997,3.6235519999999997,1.7264490000000001,1.30593,4.112852999999999,0.708631,1.406992,0.690566,3.298124
107,1.745418,0.52185,3.62026,3.7996880000000006,2.8208200000000003,2.93636,1.486144,1.250743,0.68876,4.112508
108,1.680485,0.4884,0.834228,2.050512,1.250458,3.7606889999999997,1.718084,0.9969250000000001,0.687715,4.094368
109,1.7365499999999998,1.0499999999999998,5.8404,2.7468879999999998,2.813928,2.7766560000000005,2.1737699999999998,1.339877,0.687009,2.832892
110,0.8595760000000001,2.5509,1.3068,1.8781949999999998,3.744478,3.80086,2.055123,0.744845,0.686018,3.9735550000000006
111,0.488288,0.794241,2.613152,3.7834559999999997,0.565935,2.918564,2.169009,1.393468,0.684922,1.943286
112,2.0695680000000003,3.2439679999999993,0.047646999999999995,3.7824,1.582601,0.594498,2.164356,0.651337,0.642289,4.075343999999999
113,2.1513,2.53922,1.1225999999999998,1.671741,0.7682300000000001,4.22012,2.161659,1.39132,0.680414,1.462742
114,3.3637629999999996,2.208716,1.955845,3.495151,0.6405409999999999,1.681922,1.387835,1.377217,0.679985,4.031413
115,1.724415,3.4140919999999997,1.994415,0.508125,1.6201219999999998,4.210528,0.028235000000000003,1.389288,0.679254,4.804032
116,2.479864,1.08465,2.081148,2.6652,2.789916,2.7601679999999997,2.0711709999999997,1.3849960000000001,0.679072,3.223264999999999
117,1.994069,1.689661,1.1160459999999999,1.8625349999999998,2.2837419999999997,1.8920399999999997,2.151018,1.3836279999999999,0.602452,5.778779999999999
118,1.30965,3.9621079999999997,0.72956,1.7479559999999998,2.2647370000000002,2.197331,0.7756820000000001,1.3805,0.558841,3.7012929999999993
119,1.1505429999999999,1.9350809999999998,0.222353,3.7618639999999997,2.000821,0.861304,2.1398669999999997,1.3152789999999999,0.675102,3.2934520000000003
120,2.2412569999999996,1.621624,3.2284070000000002,1.280523,2.194117,4.068226,2.1393959999999996,1.285663,0.191647,2.007927
121,2.103628,2.36817,1.8000809999999998,0.061765,0.23029399999999997,0.370588,0.505346,1.352387,0.671643,3.0988329999999995
122,1.7969309999999998,1.288218,2.0669310000000003,1.601426,3.9651520000000002,2.216883,0.588063,1.008799,0.670517,1.365288
123,1.5686329999999997,3.2861010000000004,0.262059,1.035027,0.592059,1.317622,2.129169,1.3661159999999999,0.669383,1.414634
124,1.043806,2.447482,0.07411799999999999,2.665108,3.843899,2.8662160000000005,2.0831720000000002,1.293028,0.605777,1.888216
125,3.35,0.489272,0.471955,2.635908,2.754472,1.8799540000000001,2.120259,1.362956,0.645002,0.834816
126,3.2264999999999997,3.3734999999999995,3.5565439999999997,0.18388199999999996,2.6300660000000002,4.180172,1.0688659999999999,1.3466710000000002,0.665649,5.7198150000000005
127,0.9878,1.7292389999999997,1.782756,1.9421559999999998,2.7463159999999998,1.7134460000000002,1.288387,0.136,0.595119,3.3562510000000008
128,3.7865,3.282584,2.5515,2.7309760000000005,2.740652,3.7129480000000004,1.392646,0.551197,0.662582,5.727372
129,2.424,1.603237,3.106825,2.620544,1.9175069999999999,1.994517,1.5504289999999998,0.720698,0.598632,1.321378
130,1.03429,0.465146,2.460584,3.617088,0.195,3.350948,1.95821,1.328149,0.659702,3.985991999999999
131,2.34058,1.2002920000000001,0.3631460000000001,0.564075,5.325523999999999,4.028392,2.10042,1.302943,0.657702,2.723946
132,0.9477559999999999,5.682584,2.460584,2.509239,0.052940999999999995,1.361696,2.9758879999999994,0.640095,0.656299,3.9118069999999996
133,0.428403,0.465146,3.4565839999999994,3.4493489999999993,3.8276879999999998,1.313495,1.8072460000000001,0.633089,0.654028,3.822302
134,0.428001,0.711292,0.341878,1.8747319999999998,2.448947,1.339121,2.0894939999999997,1.2761779999999998,0.651653,4.148517
135,1.3825379999999998,0.7951159999999999,2.3527880000000003,1.935438,0.975844,4.028392,1.3018399999999999,1.1630889999999998,0.617098,4.930285
136,2.64345,1.007756,0.9435290000000001,0.030882,0.521422,2.723392,0.067059,1.2761779999999998,0.617098,3.7989650000000004
137,3.0280000000000005,3.1956119999999997,0.781436,2.0254380000000003,3.729852,5.5533920000000006,1.11,1.2761779999999998,0.596451,2.485917
138,2.404852,2.312,1.1834500000000001,1.616732,0.441088,2.6275440000000003,1.979736,0.534789,0.617098,5.57385
139,0.9395,3.193052,1.269398,0.495146,1.4899080000000002,0.545848,1.0650300000000001,1.148793,0.582542,3.7894
140,0.09882400000000001,2.0079009999999995,2.3605,3.2521459999999998,1.346597,3.3111630000000005,1.979736,1.209522,0.581769,3.678224
141,1.036941,0.702552,1.770338,0.916819,0.900739,0.302823,0.569912,1.2088100000000002,0.581115,1.5251000000000001
142,2.234452,1.1541169999999998,0.690884,2.433612,3.7142800000000005,2.52711,1.979736,1.205686,0.58073,0.7428
143,1.5490819999999998,3.181,1.449441,0.564589,1.2249483861289832,2.609196,1.979736,1.105623,0.4895729999999999,3.4186
144,1.262647,0.32262499999999994,3.2532259999999997,3.697110000000001,0.403981,3.392925,1.979736,1.2008679999999998,0.577041,3.7894
145,3.017,1.5885,1.0264,0.18529399999999996,3.248688,0.514403,1.179121,1.19974,0.576443,3.582341
146,1.49065,0.321613,0.468,1.136868,6.709712,3.9007360000000006,1.888722,1.1993619999999998,0.575834,5.468871000000001
147,0.347084,2.1,1.082056,1.575,1.2518159999999998,3.5125739999999994,2.696048,1.02199,0.45863,1.944072
148,3.016052,0.11294100000000001,2.3513,1.8220649999999998,0.373433,1.894594,1.167362,0.6202179999999999,0.575429,2.548508
149,0.9344399999999999,0.995876,1.00218,3.5255000000000005,3.2479350000000005,1.148274,1.881699,1.195076,0.573987,3.6436960000000003
150,1.536,0.579002,2.350052,3.3838239999999997,0.13979999999999998,3.8310179999999994,0.633513,0.8540019999999999,0.573316,3.321028
151,0.553235,1.51779,0.99444,3.5214520000000005,1.4679449999999998,2.731798,1.875,1.067085,0.497285,1.542678
152,2.17875,0.09690000000000001,0.654931,1.8546,0.071788,4.092059,0.784183,1.193946,0.572891,1.0385389999999999
153,3.61025,1.76166,1.131017,0.468,3.700572,2.523435,1.637647,1.193842,0.572706,3.5763860000000003
154,5.208524,0.522353,1.750426,1.293882,3.6992239999999996,0.405118,1.872387,1.1930100000000001,0.538238,0.691622
155,2.2216519999999997,0.30882299999999996,2.344192,0.350825,0.488838,3.8874120000000003,1.8686729999999998,1.192126,0.572201,3.7792540000000003
156,0.017100000000000008,0.8082349999999999,1.404153,0.9777899999999999,1.4379699999999997,1.452582,1.358824,0.565451,0.571724,2.2587919999999997
157,0.693056,0.34781299999999993,3.107108,0.04619999999999999,2.4927639999999998,2.5573609999999998,0.727271,1.1905160000000001,0.509122,3.5379979999999995
158,0.11029400000000002,2.191212,3.334532,1.7056159999999998,0.508658,3.8809679999999998,1.7989000000000002,0.495,0.262059,3.511977
159,2.1268019999999996,0.57359,3.3341079999999996,2.047059,3.6917999999999997,0.433028,1.503262,0.505941,0.570149,0.1428
160,0.417215,0.434633,1.5732499999999998,1.868996,3.6909119999999995,2.424445,0.6829409999999999,0.638634,0.521644,3.5340930000000004
161,1.265024,1.339348,0.658235,5.512,0.458802,1.285848,1.864071,1.1866880000000002,0.569101,0.688605
162,1.668865,1.766493,0.447215,0.518824,0.530909,0.857647,0.305294,2.7286760000000005,0.145588,3.6429689999999995
163,2.5378,0.622752,3.031929,1.139612,1.313394,1.959794,1.8299020000000001,1.1840220000000001,0.56752,2.7985599999999997
164,1.806949,1.5666449999999998,1.1957,1.936239,1.265959,3.870124,0.7913760000000001,0.578823,0.567349,0.593067
165,2.18456,0.32294199999999995,2.8202999999999996,1.195737,2.4742,3.985756,1.765437,1.1790319999999999,0.566696,2.401657
166,0.03599999999999999,1.6521,2.1290449999999996,1.0190540000000001,2.61,3.8395569999999997,1.1486239999999999,1.113531,0.564655,2.267663
167,1.4888339999999998,3.1422999999999996,1.59342,0.601243,0.481808,2.2501759999999997,1.098695,0.8523529999999999,0.136,1.1881840000000001
168,0.961956,0.94228,3.3005599999999995,0.34587,2.372178,1.359414,1.855278,0.556251,0.444942,1.0572460000000001
169,2.1003,1.3491619999999998,1.621321,0.462215,2.446252,0.501115,0.565337,1.17062,0.56113,1.688559
170,1.4884490000000001,0.775692,1.3521610000000002,1.225929,1.016563,1.051096,0.24617599999999998,1.065072,0.560114,4.338647999999999
171,0.12539999999999998,2.275473,0.9299999999999999,1.502582,2.022641,1.634331,0.9480770000000001,0.124,0.553721,0.830634
172,3.740224,2.225116,0.43515,0.11249999999999996,2.372126,3.659331,1.43014,1.1587779999999999,0.524603,0.756333
173,2.153452,3.1051,0.8523529999999999,3.917765,2.3329500000000003,0.052940999999999995,0.978959,0.534389,0.553721,5.560048
174,2.938,2.2206,2.275788,3.4715599999999998,2.446252,0.4502570580723861,1.327406,1.1587779999999999,0.547328,2.681094
175,1.747875,3.767932,0.10199999999999998,1.63842,1.043126,3.8293840000000006,2.623908,1.146934,0.015999999999999993,1.247373
176,1.761176,1.229659,1.179975,0.35823499999999997,0.12218800000000003,2.807396,0.142859,0.560602,0.436765,5.2957719999999995
177,1.1523530000000002,2.9642239999999997,1.08,0.99441,0.735332,0.795331,1.8164609999999999,0.9656260000000001,0.543988,5.254600999999998
178,0.9,0.3335289999999999,0.5082249999999999,0.9925579999999999,0.019799999999999998,0.815371,1.8164609999999999,0.015999999999999993,0.542904,3.2027759999999996
179,0.93,0.46411800000000003,2.27006,0.355588,0.194065,1.0669119999999999,1.175487,0.658488,0.542034,1.311166
180,2.145308,1.298213,1.173013,1.75515,1.0443500000000001,0.7093346877180051,1.765974,1.1371280000000001,0.541398,3.0783609999999997
181,1.1094849999999998,1.649684,1.7596500000000002,2.337932,0.468907,0.4716,0.426016,0.6570929999999999,0.541085,2.133607
182,0.295059,1.537254,1.54145,1.235659,0.8150999999999999,0.6777864858493419,1.730343,0.08360000000000001,0.540496,5.480468
183,1.3221180000000001,0.041999999999999996,0.366177,0.6176470000000001,0.426547,0.9741190000000001,0.9504870000000001,0.658139,0.539887,3.3989200000000004
184,0.891932,0.7252940000000001,3.2608520000000003,0.038700000000000005,0.496765,1.0614279999999998,1.500882,0.902398,0.08735299999999999,2.7202790000000006
185,0.582006,0.6898569999999999,0.431055,0.448,0.43529999999999996,2.361707,1.4869379999999999,0.203824,0.538737,3.622952
186,0.8915759999999999,2.204852,0.42,0.08189999999999999,1.820595,3.0803799999999995,1.796115,1.09051,0.538139,3.482876
187,0.567018,1.183287,3.259864,0.42510000000000003,0.05117599999999999,4.0108820000000005,0.391765,0.6079559999999999,0.517129,3.948845
188,0.400418,3.0860719999999997,2.263788,2.8708359999999997,0.438428,2.475456,1.0609640000000002,0.378529,0.537593,4.499224
189,1.0250819999999998,0.9687109999999999,0.937899,1.4030209999999999,0.410475,3.779948,1.7885940000000002,0.48,0.46851,0.832539
190,2.051765,0.298947,2.2622,0.530294,0.495819,0.685639,1.786353,0.60945,0.537274,3.476032
191,4.090432,1.1918819999999999,1.587183,2.325308,0.317647,0.8800000000000001,1.7847150000000003,0.393,0.23294099999999998,2.9961569999999997
192,2.6357999999999997,0.415418,0.03599999999999999,0.673426,2.400588,0.46353900000000003,1.6102940000000001,0.57,0.537158,5.202679999999999
193,0.39914999999999995,1.71,1.7144480000000002,3.44772,0.333,0.483186,1.78239,0.619664,0.5369,0.612765
194,0.09690000000000001,0.45352899999999996,1.678868,0.190765,2.047353,1.025003,1.338097,1.128096,0.536514,1.574635
195,1.538129,0.056999999999999995,0.6395,0.578824,0.451134,3.294285,1.199806,0.608809,0.023999999999999997,2.222379
196,0.091765,0.9185,0.42915,1.010294,0.7683825203321585,1.355294,1.539385,0.566451,0.47380199999999995,2.969067
197,0.03989999999999999,2.1966,0.317647,1.466188,1.308728,1.762941,0.617165,1.1265040000000002,0.535172,1.5355880000000002
198,0.7595160000000001,0.12352900000000001,1.193823,0.570844,1.048768,2.46968,1.775901,0.136,0.417577,0.569412
199,1.597634,0.056999999999999995,3.3385,0.13251800000000002,2.396928,2.435949,1.775385,2.608832,0.11199999999999999,5.149297000000001
200,2.11868,0.08549699999999999,0.607058,3.900225,3.8153519999999994,0.907305,0.027353,1.1233140000000001,0.534239,5.148248000000001
201,1.304059,1.4849999999999999,2.23868,0.345882,2.0952083970278466,0.645,2.545664,0.487059,0.533205,2.916075
202,2.9046799999999995,0.39,0.07411799999999999,0.1321,1.150588,1.7242149999999998,0.6799520000000001,0.9601580000000001,0.11647099999999999,0.1428
203,0.47037599999999996,2.17868,1.1682350000000001,0.370588,1.0771979119604715,0.480803,0.687232,0.028235000000000003,0.136,2.265578
204,1.99756,0.47788200000000003,2.26368,1.0173,1.008489,3.547932,1.09253,1.025908,0.53084,0.035882
205,0.285883,3.0410100000000004,2.23868,2.290539,0.04619999999999999,0.227647,0.6463369999999999,0.12357299999999999,0.52696,4.259118
206,1.021324,0.796399,2.73868,0.11647099999999999,1.654797,2.329009,0.12240000000000001,0.603196,0.52696,2.749887
207,0.09690000000000001,2.17868,1.190634,1.575,0.025588000000000003,1.1433529999999998,1.418824,0.9622040000000001,0.471901,2.067397
208,0.406288,0.36,0.467225,0.33353,0.460368,2.34,1.710562,0.445235,0.513195,1.864467
209,0.273933,2.1689,2.159338,0.882353,1.284529,1.861326,0.21,0.844896,0.40996,0.487454
210,0.171,1.8241110000000003,1.5352229999999998,0.819258,0.8629410000000001,0.358089,2.536188,0.495,0.015999999999999993,3.3369489999999997
211,2.5489499999999996,0.970035,0.435,3.29868,0.7363975148255427,0.0069000000000000025,1.5132349999999999,0.9946740000000001,0.40996,2.3938430000000004
212,0.390563,0.406287,0.335433,1.7493400000000001,0.628410632756162,2.415267,0.023999999999999997,0.502941,0.52696,1.108595
213,0.11029400000000002,0.405933,2.160129,2.29868,0.5362591744413401,0.475089,0.511765,0.287647,0.52696,1.335556
214,2.886256000000001,0.07529999999999999,0.166765,0.425682,0.457621,3.7453560000000006,0.496803,1.109204,0.52696,1.8215949999999999
215,0.484454,0.405612,1.396333,2.29868,1.005242,1.825089,0.582353,1.109204,2.632316,3.408696
216,0.272873,0.405562,1.480588,7.1461239999999995,2.370484,0.121294,0.12240000000000001,2.578408,0.522988,5.3913280000000015
217,0.707647,0.295338,1.832329,2.2889,2.3649836185614475,0.35089058859707256,0.743271,0.576661,0.522419,2.5678
218,1.4393820000000002,2.1756,1.993235,2.1342790000000003,2.359496,1.0150890000000001,0.08205900000000002,0.007999999999999997,0.136,3.2162550000000003
219,0.045000000000000005,2.160256,2.220248,3.3939639999999995,1.769117,3.7453560000000006,0.489173,0.07199999999999998,0.136,2.870882
220,0.192353,0.045599999999999995,0.389118,3.277619,3.0752360000000007,0.10588199999999999,0.762806,0.320298,0.520888,0.737406
221,0.991859,0.8997120000000001,0.44565,1.032454,2.875905619484352,2.365089,1.0429599999999999,1.100792,0.12000000000000001,2.447824
222,0.783513,0.30585,1.529379,0.435682,2.689495418296897,0.910554,0.48842,0.023999999999999997,0.203824,2.6502470000000002
223,0.0912,2.0462309999999997,1.0217640000000001,0.7356119999999999,2.5151679373737377,0.8119635475758749,2.491144,1.0990220000000002,0.03200000000000001,3.3232700000000004
224,0.44242699999999996,1.483386,0.24141199999999996,2.282248,2.35214,0.724048,1.2955269999999999,1.097956,0.174706,3.396684
225,0.852589,3.0388479999999998,0.142448,0.435455,2.4889375140288275,0.5752674637349134,1.282059,0.838894,0.519616,0.916586
226,0.6879120000000001,1.2334,0.801865,0.3387,2.633691,0.457059,1.364118,2.55398,0.519476,1.059844
227,0.0798,2.153612,0.912848,0.0441,2.329616706729899,2.0488239999999998,0.47505899999999995,0.023999999999999997,0.505708,1.394941
228,0.220588,0.431083,0.07147099999999999,2.280248,2.060649484041621,2.525006,0.08735299999999999,0.684706,0.519138,0.739501
229,0.044118,1.581911,0.029999999999999995,2.279424,1.8227360251212872,0.07941199999999998,1.185929,1.0956000000000001,0.03200000000000001,3.392699999999999
230,1.7002499999999998,1.270588,0.744353,0.42510000000000003,1.612291,0.132353,1.72824,1.074693,0.06399999999999999,3.392324
231,1.102941,0.11470599999999999,0.7808820000000001,0.377193,1.288873543297402,0.21594244226645215,0.486077,0.495,2.613992,1.1243859999999999
232,0.08205900000000002,0.810006,1.749044,1.1073529999999998,1.030332,0.3523240000000001,1.296176,0.305412,0.401092,1.623529
233,1.0605879999999999,0.09690000000000001,1.897941,1.029012,1.2301689795335111,3.666091,2.282941,0.436172,0.517728,3.1155880000000002
234,2.0859,0.51405,0.692897,2.2759519999999998,1.468765134157262,1.028422,2.482808,1.0945239999999998,0.509895,1.513764
235,2.8719,0.129176,0.47513299999999997,0.849706,1.75363795966799,2.415796,0.562356,1.093528,0.515876,0.992266
236,1.210235,1.475694,3.09903,2.271392,2.093763,2.266706,0.255,0.203824,0.515668,2.347766
237,0.054706000000000005,0.9714700000000001,0.06,2.029328,2.0346820250557323,0.81828,0.30882299999999996,0.474757,0.128,0.759138
238,0.06270000000000002,0.922941,0.306357,0.0252,1.9772681736590512,0.717892,0.876761,0.634288,0.136,1.090976
239,1.134706,2.083425,0.284118,1.044912,1.9214744035780782,0.5170813594242205,1.625258,1.0886719999999999,0.136,4.027692
240,0.87,0.8929480000000001,0.03300000000000001,0.1071,1.8672549999999999,0.372442,0.027353,1.088286,0.21882400000000002,0.035882
241,1.519425,0.09690000000000001,0.09600000000000002,0.286764,0.5473250000000001,1.52552,0.17,0.9213,0.39774,1.917588
242,2.0859,1.141765,0.416474,2.2686,1.617639,0.713776,0.06479999999999998,0.378,0.51458,2.3444629999999997
243,0.09690000000000001,0.09690000000000001,3.201896,0.40085,2.387557079368156,1.3099913701334067,0.580245,1.068598,0.514332,1.829973
244,0.386475,0.137647,0.409592,2.267592,3.5239190000000002,2.404224,1.551565,0.90987,0.417798,0.5578
245,0.11805899999999998,1.155886,0.21059999999999995,0.476887,2.823220889365549,2.403552,0.0368,1.086568,0.029118,1.05
246,0.022799999999999997,0.171176,0.612618,6.773512,2.26185,2.4030519999999997,2.4675,0.022799999999999997,0.396644,0.628873
247,0.3699,0.166059,0.10199999999999998,0.403945,1.77,2.96586659120804,0.028235000000000003,1.085812,0.513644,0.0336
248,0.8602000000000001,3.0278959999999997,2.205896,0.049412000000000005,1.7166012233842587,3.6604970000000003,2.466028,0.20094099999999998,0.513644,0.08708199999999999
249,0.386475,0.9264770000000001,0.596474,2.265896,1.6648134237990584,0.052940999999999995,1.624384,0.136,0.513644,0.1428
250,0.292416,0.10927100000000002,1.4117680000000001,1.275007,1.614588,0.492353,0.656177,0.512268,0.513644,3.2760479999999994
251,1.7708930000000003,0.217945,1.5299999999999998,1.6997156412976848,1.1536922889283763,1.607858,0.594894,0.9652939999999999,0.08735299999999999,1.8497270000000001
252,0.310769,0.8929480000000001,2.16,2.265896,0.8243625603143316,1.4962305670831617,0.7422470000000001,0.380269,0.474353,0.865406
253,0.95295,0.1647,0.693003,0.03779999999999999,0.5890423619622454,1.392353,0.268235,0.7646470000000001,0.396644,1.411483
254,0.197647,0.1647,0.06300000000000001,0.991765,0.420896,1.392353,0.268235,1.0603859999999998,0.08735299999999999,1.824069
255,0.197647,0.1647,0.06300000000000001,0.08999999999999998,1.152274,1.392353,0.268235,2.529072,0.08735299999999999,1.5776480000000002
256,0.197647,0.1647,0.06300000000000001,0.907242,0.132353,1.392353,0.268235,0.988183,0.08735299999999999,1.5776480000000002
