pick,S,std,cv,med,p10,p90,bust,n,sigma,K_M,K_av,money,bs,delta,gamma,vega,theta,intrinsic,timeprem,bs_norm
1,31.8056,13.6525,0.4292,32.5,13.0,47.0,0.0278,36,0.2146,25.3513,65.3988,0.4863,0.5659,0.1029,0.0131,11.3968,-0.3637,0.0,0.5659,70.024
2,29.9286,14.1204,0.4718,31.5,10.3,45.9,0.0476,42,0.2359,24.214,62.4649,0.4791,0.7374,0.1267,0.0147,12.4375,-0.4321,0.0,0.7374,91.2471
3,29.125,14.0888,0.4837,29.5,9.7,45.3,0.0417,48,0.2419,23.4902,60.5979,0.4806,0.8013,0.1366,0.0155,12.749,-0.4534,0.0,0.8013,99.1639
4,29.4074,14.4085,0.49,29.5,9.3,45.7,0.037,54,0.245,22.6631,58.4641,0.503,1.0105,0.1629,0.0171,14.4762,-0.5242,0.0,1.0105,125.0402
5,28.55,14.4544,0.5063,28.5,8.9,46.1,0.0333,60,0.2531,21.2156,54.7301,0.5217,1.2474,0.194,0.019,15.6953,-0.5885,0.0,1.2474,154.3592
6,28.8182,14.9305,0.5181,29.0,8.5,46.5,0.0303,66,0.259,18.6309,48.0621,0.5996,2.0936,0.2867,0.0228,19.6238,-0.7675,0.0,2.0936,259.0749
7,27.2576,14.3412,0.5261,26.5,8.5,45.0,0.0303,66,0.2631,16.563,42.7278,0.6379,2.4448,0.3341,0.0254,19.8398,-0.795,0.0,2.4448,302.538
8,27.3182,14.7065,0.5383,25.5,8.5,45.0,0.0303,66,0.2692,14.4952,37.3934,0.7306,3.5995,0.4384,0.0268,21.5365,-0.9039,0.0,3.5995,445.4239
9,27.3788,14.2804,0.5216,26.5,9.5,45.0,0.0152,66,0.2608,14.3918,37.1267,0.7374,3.5057,0.4368,0.0276,21.5707,-0.8841,0.0,3.5057,433.8181
10,26.5152,14.2842,0.5387,25.0,8.5,44.5,0.0152,66,0.2694,13.8232,35.6597,0.7436,3.6428,0.4515,0.0277,20.9998,-0.8853,0.0,3.6428,450.7813
11,25.4848,13.8933,0.5452,23.5,8.5,43.0,0.0152,66,0.2726,12.9444,33.3926,0.7632,3.7788,0.4736,0.0287,20.2896,-0.8688,0.0,3.7788,467.6087
12,25.1818,14.154,0.5621,22.5,8.5,44.5,0.0152,66,0.281,11.7037,30.192,0.8341,4.6695,0.544,0.028,19.9699,-0.8948,0.0,4.6695,577.8331
13,25.5152,13.7988,0.5408,22.5,10.0,44.5,0.0,66,0.2704,11.3935,29.3918,0.8681,4.8911,0.5664,0.0285,20.0758,-0.8832,0.0,4.8911,605.259
14,24.9242,13.5922,0.5453,21.5,10.0,41.0,0.0,66,0.2727,10.8765,28.0582,0.8883,5.039,0.5841,0.0287,19.4429,-0.8664,0.0,5.039,623.5617
15,24.2576,12.7464,0.5255,20.0,11.0,38.0,0.0,66,0.2627,10.6698,27.5248,0.8813,4.6423,0.5734,0.0308,19.0258,-0.8232,0.0,4.6423,574.4631
16,24.1515,12.4224,0.5144,21.5,12.0,37.5,0.0,66,0.2572,10.0494,25.9245,0.9316,5.0447,0.6125,0.0308,18.4986,-0.8033,0.0,5.0447,624.2622
17,22.8333,11.2381,0.4922,20.0,11.0,37.0,0.0,66,0.2461,9.8426,25.3911,0.8993,4.2511,0.5809,0.0348,17.8422,-0.7417,0.0,4.2511,526.0646
18,21.9242,11.3399,0.5172,19.0,9.5,36.5,0.0,66,0.2586,9.5842,24.7243,0.8867,4.1769,0.576,0.0345,17.1744,-0.7361,0.0,4.1769,516.8765
19,20.4848,10.4252,0.5089,19.0,9.0,35.0,0.0,66,0.2545,9.4291,24.3242,0.8422,3.438,0.5339,0.0381,16.2855,-0.6785,0.0,3.438,425.4414
20,20.197,10.1651,0.5033,19.0,9.0,34.5,0.0,66,0.2516,9.3774,24.1908,0.8349,3.2808,0.5252,0.0392,16.0827,-0.6627,0.0,3.2808,405.9891
21,18.7576,10.4838,0.5589,16.0,7.5,33.5,0.0303,66,0.2795,9.3257,24.0575,0.7797,3.0165,0.495,0.0381,14.9652,-0.6569,0.0,3.0165,373.2817
22,18.7424,9.8626,0.5262,17.0,7.5,33.0,0.0303,66,0.2631,18.4543,47.6066,0.3937,0.3342,0.0892,0.0164,6.0469,-0.2275,0.0,0.3342,41.3532
23,18.1667,8.959,0.4932,17.5,6.5,30.0,0.0303,66,0.2466,9.1189,23.524,0.7723,2.3882,0.4586,0.0443,14.4169,-0.5716,0.0,2.3882,295.5339
24,17.3788,8.9129,0.5129,16.0,6.0,29.0,0.0303,66,0.2564,8.9121,22.9906,0.7559,2.3002,0.4513,0.0444,13.7629,-0.5598,0.0,2.3002,284.6443
25,17.4697,9.8812,0.5656,16.5,5.0,31.5,0.0606,66,0.2828,8.8087,22.7239,0.7688,2.7745,0.4877,0.0404,13.9322,-0.6155,0.0,2.7745,343.3312
26,17.2424,9.9306,0.5759,15.0,5.0,30.5,0.0606,66,0.288,8.7053,22.4572,0.7678,2.8021,0.4911,0.0402,13.7541,-0.6164,0.0,2.8021,346.7458
27,16.8182,10.0673,0.5986,15.0,4.5,30.0,0.0758,66,0.2993,8.6019,22.1904,0.7579,2.8139,0.4917,0.0396,13.4161,-0.6187,0.0,2.8139,348.2118
28,16.5303,10.3362,0.6253,14.5,3.5,30.5,0.1061,66,0.3126,8.5502,22.0571,0.7494,2.8818,0.4953,0.0386,13.1884,-0.629,0.0,2.8818,356.6128
29,17.0606,10.3536,0.6069,18.0,3.5,31.0,0.1061,66,0.3034,8.1354,20.9869,0.8129,3.3123,0.5411,0.0383,13.5401,-0.6402,0.0,3.3123,409.884
30,17.5303,10.6326,0.6065,18.0,3.5,31.0,0.1061,66,0.3033,7.9157,20.4202,0.8585,3.7406,0.5764,0.0368,13.7296,-0.6567,0.0,3.7406,462.8869
31,18.197,11.1496,0.6127,18.0,3.5,33.0,0.1061,66,0.3064,7.7317,19.9455,0.9123,4.337,0.6165,0.0342,13.8954,-0.6794,0.0,4.337,536.694
32,19.1667,10.9426,0.5709,19.0,5.0,33.0,0.0909,66,0.2855,7.6132,19.6399,0.9759,4.7714,0.6527,0.0338,14.1581,-0.6708,0.0,4.7714,590.4436
33,18.2424,11.0705,0.6069,18.0,4.0,32.0,0.1061,66,0.3034,6.1206,15.7892,1.1554,6.0442,0.7525,0.0285,11.5314,-0.6018,2.4532,3.591,747.9483
34,18.3485,11.0544,0.6025,18.0,4.0,32.0,0.1061,66,0.3012,6.0689,15.6559,1.172,6.1649,0.7601,0.0281,11.4046,-0.596,2.6926,3.4722,762.8812
35,18.197,11.0164,0.6054,18.0,3.5,32.0,0.1061,66,0.3027,6.0172,15.5225,1.1723,6.1325,0.7601,0.0282,11.311,-0.5927,2.6745,3.4581,758.8797
36,18.197,10.1893,0.5599,18.0,5.0,31.0,0.0758,66,0.28,5.9138,15.2558,1.1928,6.0155,0.7727,0.0296,10.9786,-0.5564,2.9412,3.0743,744.3954
37,17.4545,9.9725,0.5713,17.5,4.5,29.5,0.0909,66,0.2857,5.8724,15.1491,1.1522,5.5667,0.7528,0.0317,11.0261,-0.5558,2.3054,3.2612,688.8565
38,17.5606,10.0738,0.5737,17.0,4.5,30.0,0.0758,66,0.2868,5.7794,14.9091,1.1778,5.7813,0.7647,0.0305,10.8013,-0.5509,2.6516,3.1298,715.4205
39,17.3636,9.8943,0.5698,16.0,5.5,29.0,0.0455,66,0.2849,5.6863,14.669,1.1837,5.7336,0.7676,0.0309,10.6052,-0.5402,2.6946,3.039,709.5174
40,17.6364,9.9871,0.5663,17.0,5.5,30.0,0.0455,66,0.2831,5.603,14.4541,1.2202,6.0402,0.784,0.0293,10.3348,-0.5324,3.1823,2.8579,747.4538
41,17.5758,9.4153,0.5357,17.0,5.5,30.0,0.0455,66,0.2678,5.5209,14.2423,1.2341,5.9532,0.794,0.0303,10.0176,-0.5066,3.3335,2.6197,736.6919
42,16.9091,10.1356,0.5994,15.0,5.0,30.0,0.0606,66,0.2997,5.4278,14.0022,1.2076,5.8811,0.7755,0.0295,10.1287,-0.5342,2.9069,2.9742,727.7675
43,17.0758,10.3987,0.609,15.0,5.5,30.5,0.0455,66,0.3045,5.3451,13.7888,1.2384,6.1706,0.787,0.0279,9.924,-0.5333,3.2869,2.8837,763.5902
44,17.2576,10.4783,0.6072,16.0,5.0,30.5,0.0455,66,0.3036,5.2663,13.5855,1.2703,6.4147,0.7992,0.0268,9.6875,-0.5255,3.6721,2.7427,793.8014
45,16.5152,10.5411,0.6383,15.0,4.5,30.5,0.0606,66,0.3191,5.1559,13.3007,1.2417,6.1273,0.7859,0.0276,9.6268,-0.5307,3.2144,2.9129,758.2296
46,16.2769,10.8289,0.6653,15.0,4.0,30.8,0.0923,65,0.3326,5.037,12.994,1.2526,6.2255,0.7881,0.0268,9.4313,-0.5335,3.2829,2.9426,770.3839
47,16.0308,11.2319,0.7006,15.0,3.0,32.6,0.1231,65,0.3503,4.8799,12.5886,1.2734,6.3998,0.7932,0.0254,9.1575,-0.5362,3.4422,2.9577,791.9595
48,15.7231,11.397,0.7249,15.0,3.0,32.6,0.1385,65,0.3624,4.7765,12.3219,1.276,6.3983,0.793,0.0251,8.9868,-0.537,3.4012,2.9971,791.7617
49,14.8308,11.2633,0.7595,13.0,3.0,30.4,0.1538,65,0.3797,4.6731,12.0552,1.2302,5.9788,0.7779,0.0264,8.8294,-0.5381,2.7756,3.2031,739.8501
50,15.0154,11.1348,0.7416,15.0,3.0,30.0,0.1538,65,0.3708,4.5697,11.7884,1.2737,6.1717,0.7917,0.0258,8.6125,-0.5215,3.2269,2.9448,763.7306
51,14.0156,10.9247,0.7795,12.5,3.0,25.7,0.1875,64,0.3897,4.4663,11.5217,1.2165,5.6754,0.7737,0.0275,8.4354,-0.5215,2.4939,3.1815,702.3058
52,13.2812,10.8766,0.8189,10.5,3.0,25.7,0.1875,64,0.4095,4.3629,11.255,1.18,5.3914,0.763,0.0284,8.2,-0.5212,2.0262,3.3651,667.1651
53,13.0781,10.0968,0.772,11.0,3.0,25.7,0.1875,64,0.386,4.2595,10.9883,1.1902,5.1607,0.765,0.0304,8.0382,-0.4915,2.0898,3.0709,638.6196
54,12.0312,9.2616,0.7698,9.0,2.3,23.7,0.2031,64,0.3849,4.1561,10.7216,1.1222,4.4773,0.7408,0.035,7.7926,-0.4698,1.3097,3.1676,554.0509
55,11.625,9.0475,0.7783,8.5,3.0,22.7,0.2188,64,0.3891,4.0527,10.4549,1.1119,4.3191,0.7374,0.036,7.5797,-0.4597,1.1701,3.1489,534.4708
56,12.1406,9.8236,0.8092,9.0,2.3,26.1,0.2344,64,0.4046,4.001,10.3215,1.1762,4.8776,0.7615,0.0315,7.5234,-0.4739,1.8191,3.0585,603.5883
57,12.3077,9.5932,0.7794,10.0,3.0,25.8,0.2,65,0.3897,3.97,10.2415,1.2018,4.9285,0.7689,0.0317,7.4938,-0.4621,2.0662,2.8623,609.8885
58,13.0923,9.6578,0.7377,11.0,3.0,27.0,0.1692,65,0.3688,3.9183,10.1081,1.2952,5.4503,0.7983,0.0291,7.3681,-0.4467,2.9842,2.4662,674.4611
59,14.0,10.0778,0.7198,11.0,3.0,29.2,0.1385,65,0.3599,3.846,9.9214,1.4111,6.2226,0.8308,0.025,7.0649,-0.4336,4.0786,2.1441,770.0285
60,14.4615,10.169,0.7032,13.0,3.0,29.2,0.1385,65,0.3516,3.8149,9.8414,1.4695,6.5964,0.8463,0.0233,6.8538,-0.422,4.6201,1.9762,816.2792
61,14.0769,10.5317,0.7482,12.0,2.4,29.2,0.1692,65,0.3741,3.7736,9.7347,1.4461,6.4875,0.8368,0.0234,6.9385,-0.4377,4.3422,2.1453,802.8052
62,14.5303,10.459,0.7198,12.5,2.5,29.0,0.1364,66,0.3599,3.7426,9.6547,1.505,6.8185,0.8524,0.0221,6.7034,-0.4207,4.8756,1.9429,843.7662
63,13.697,10.5699,0.7717,11.5,0.5,28.0,0.197,66,0.3858,3.7322,9.628,1.4226,6.3096,0.8298,0.024,6.9362,-0.4428,4.0689,2.2406,780.7886
64,13.7273,10.2049,0.7434,11.5,1.5,28.0,0.1818,66,0.3717,3.7115,9.5747,1.4337,6.2658,0.8343,0.0244,6.8328,-0.4285,4.1526,2.1133,775.3762
65,13.9394,10.6985,0.7675,11.5,1.5,28.0,0.197,66,0.3838,3.4148,8.8093,1.5824,6.9518,0.8628,0.0205,6.1188,-0.4021,5.1301,1.8217,860.264
66,14.6212,11.2479,0.7693,11.5,1.5,29.5,0.1667,66,0.3846,3.3858,8.7345,1.674,7.5948,0.8781,0.018,5.9141,-0.3966,5.8867,1.7081,939.8362
67,14.2273,10.8426,0.7621,11.0,2.0,28.0,0.1667,66,0.3811,3.3726,8.7003,1.6353,7.2491,0.8726,0.0192,5.9361,-0.3933,5.527,1.7221,897.0534
68,14.9242,11.2227,0.752,13.0,1.5,29.5,0.1818,66,0.376,3.3454,8.6303,1.7293,7.8761,0.8884,0.0169,5.6701,-0.3817,6.294,1.5822,974.6441
69,13.5,11.1717,0.8275,10.0,1.0,28.0,0.2273,66,0.4138,3.3188,8.5614,1.5768,6.8965,0.8571,0.0202,6.0926,-0.4152,4.9386,1.9579,853.4181
70,13.3182,12.816,0.9623,9.0,1.0,27.5,0.2576,66,0.4811,3.2814,8.4649,1.5733,7.2056,0.8511,0.0181,6.1807,-0.4601,4.8533,2.3524,891.6741
71,13.6061,12.6623,0.9306,9.5,1.0,27.5,0.2424,66,0.4653,3.5294,9.1049,1.4944,7.0375,0.8387,0.0193,6.6573,-0.4808,4.5012,2.5363,870.8712
72,14.4697,12.6433,0.8738,12.0,1.5,28.5,0.2121,66,0.4369,3.251,8.3865,1.7253,7.9731,0.8768,0.0161,5.8976,-0.4229,6.0831,1.89,986.6437
73,13.9242,12.7452,0.9153,10.5,1.0,28.5,0.2273,66,0.4577,3.2194,8.305,1.6766,7.6652,0.8677,0.0168,5.9619,-0.4356,5.6192,2.046,948.5416
74,14.4769,12.4914,0.8628,12.0,2.0,28.6,0.1692,65,0.4314,3.1605,8.1532,1.7756,8.081,0.8842,0.0156,5.6491,-0.4056,6.3238,1.7573,1000.0
75,13.4462,12.3946,0.9218,10.0,1.4,26.6,0.2,65,0.4609,3.4006,8.7726,1.5328,7.0359,0.8454,0.0192,6.3962,-0.4612,4.6736,2.3623,870.6637
76,13.5692,11.919,0.8784,11.0,2.0,25.6,0.1846,65,0.4392,3.1237,8.0582,1.6839,7.3822,0.8707,0.0177,5.7183,-0.4088,5.511,1.8712,913.528
77,12.6,11.1982,0.8887,9.0,2.0,25.0,0.1846,65,0.4444,3.1051,8.0102,1.573,6.6021,0.8532,0.0205,5.7908,-0.4104,4.5898,2.0123,816.9819
78,12.4615,11.2237,0.9007,9.0,1.4,25.0,0.1846,65,0.4503,3.0609,7.8962,1.5782,6.577,0.8536,0.0204,5.7176,-0.4087,4.5653,2.0117,813.8812
79,12.1077,10.7879,0.891,10.0,2.0,23.0,0.1692,65,0.4455,3.0714,7.9232,1.5281,6.2349,0.8455,0.022,5.7569,-0.4062,4.1845,2.0504,771.5437
80,11.9538,10.6967,0.8948,9.0,2.0,22.6,0.1692,65,0.4474,3.0632,7.9022,1.5127,6.1266,0.8427,0.0225,5.7524,-0.4062,4.0516,2.075,758.1449
81,11.4154,7.9744,0.6986,10.0,2.4,22.0,0.1538,65,0.3493,3.0551,7.8813,1.4484,5.1299,0.8419,0.0303,5.5125,-0.3366,3.5341,1.5958,634.8062
82,10.6615,7.8168,0.7332,9.0,2.4,21.2,0.1538,65,0.3666,3.008,7.7598,1.3739,4.666,0.8203,0.0335,5.5886,-0.3434,2.9017,1.7642,577.4004
83,10.1077,7.6058,0.7525,8.0,2.4,21.2,0.1538,65,0.3762,2.9948,7.7258,1.3083,4.2883,0.8015,0.0366,5.6333,-0.3465,2.3819,1.9064,530.664
84,10.1094,7.5195,0.7438,9.0,2.3,20.0,0.1562,64,0.3719,2.9927,7.7204,1.3094,4.268,0.8022,0.037,5.6231,-0.3436,2.389,1.879,528.149
85,9.7231,7.7025,0.7922,7.0,2.0,20.0,0.1846,65,0.3961,3.0013,7.7424,1.2558,4.0875,0.7857,0.0379,5.6707,-0.3568,1.9807,2.1068,505.8143
86,10.1538,7.6531,0.7537,8.0,2.4,20.6,0.1538,65,0.3769,2.9929,7.7207,1.3151,4.3313,0.8034,0.0362,5.6266,-0.3469,2.4331,1.8982,535.9885
87,10.4615,8.5112,0.8136,8.0,2.4,21.6,0.1385,65,0.4068,2.985,7.7005,1.3586,4.7583,0.8129,0.0316,5.6242,-0.3661,2.7611,1.9973,588.8276
88,10.7385,8.7165,0.8117,8.0,2.0,21.6,0.1538,65,0.4059,2.9697,7.661,1.4017,4.9992,0.8231,0.0298,5.5737,-0.3649,3.0775,1.9217,618.628
89,10.8923,8.5771,0.7874,8.0,3.0,22.6,0.1231,65,0.3937,3.2509,8.3863,1.2988,4.6984,0.798,0.0328,6.1356,-0.3874,2.506,2.1925,581.4146
90,10.5469,8.6555,0.8207,7.0,2.3,21.7,0.1562,64,0.4103,2.9523,7.6161,1.3848,4.8891,0.8189,0.0304,5.5554,-0.3652,2.9307,1.9584,605.0068
91,10.8281,8.596,0.7939,8.0,3.0,22.0,0.125,64,0.3969,2.9513,7.6134,1.4222,5.0479,0.8286,0.0296,5.51,-0.3574,3.2147,1.8332,624.6622
92,10.2969,8.5425,0.8296,7.0,3.0,22.0,0.1562,64,0.4148,2.9458,7.5993,1.355,4.7183,0.8117,0.0316,5.5577,-0.3661,2.6976,2.0207,583.8709
93,10.4844,8.6207,0.8222,8.0,2.0,22.0,0.1875,64,0.4111,2.9372,7.577,1.3837,4.8615,0.8186,0.0306,5.5282,-0.3637,2.9073,1.9542,601.5925
94,10.4844,8.6667,0.8266,8.5,1.3,21.7,0.2188,64,0.4133,2.9488,7.607,1.3783,4.859,0.8173,0.0306,5.5545,-0.3664,2.8774,1.9816,601.2788
95,10.4219,8.5446,0.8199,8.5,1.3,21.7,0.2188,64,0.4099,2.9214,7.5364,1.3829,4.8238,0.8185,0.0309,5.4976,-0.361,2.8855,1.9383,596.9231
96,10.7969,8.7762,0.8128,9.0,2.0,22.0,0.2344,64,0.4064,2.9073,7.4999,1.4396,5.1323,0.8315,0.0287,5.434,-0.3583,3.2969,1.8353,635.1001
97,10.8125,9.0359,0.8357,9.0,1.0,22.7,0.2656,64,0.4178,2.8919,7.4604,1.4493,5.2274,0.8326,0.0277,5.4191,-0.3638,3.3521,1.8753,646.8716
98,10.6406,8.8036,0.8274,9.0,1.0,22.0,0.2656,64,0.4137,2.9029,7.4887,1.4209,5.0479,0.8268,0.0291,5.4492,-0.362,3.1519,1.896,624.6567
99,10.0938,8.8886,0.8806,8.5,1.0,22.0,0.3125,64,0.4403,2.8969,7.4733,1.3506,4.7533,0.8103,0.0305,5.4736,-0.3746,2.6205,2.1328,588.1998
100,10.1719,8.9026,0.8752,8.5,1.0,22.0,0.3281,64,0.4376,2.8516,7.3563,1.3827,4.8565,0.8174,0.0297,5.3855,-0.3686,2.8156,2.0409,600.9753
101,9.8154,8.6853,0.8849,8.0,1.0,21.6,0.3077,65,0.4424,2.8389,7.3236,1.3402,4.6078,0.8079,0.0315,5.3634,-0.3677,2.4918,2.116,570.2031
102,9.6769,8.6785,0.8968,7.0,0.4,20.6,0.3077,65,0.4484,2.8371,7.3189,1.3222,4.5304,0.8038,0.0319,5.356,-0.3697,2.358,2.1724,560.6207
103,9.6508,8.4989,0.8806,7.0,0.2,20.0,0.2857,63,0.4403,2.8337,7.3101,1.3202,4.47,0.8032,0.0326,5.3521,-0.3648,2.3407,2.1293,553.1502
104,10.2857,9.373,0.9113,8.0,1.0,20.8,0.2698,63,0.4556,2.8286,7.2969,1.4096,5.0743,0.8229,0.0277,5.3438,-0.3769,2.9888,2.0855,627.9309
105,9.7143,8.838,0.9098,8.0,0.0,20.0,0.2698,63,0.4549,2.8256,7.2893,1.3327,4.6083,0.8064,0.0311,5.3334,-0.3723,2.425,2.1833,570.26
106,9.5,9.127,0.9607,7.0,0.0,20.7,0.2812,64,0.4804,2.8236,7.2841,1.3042,4.5737,0.8012,0.0306,5.3,-0.3833,2.2159,2.3579,565.9852
107,9.5873,9.0244,0.9413,7.0,0.2,20.0,0.254,63,0.4706,2.8208,7.2769,1.3175,4.5953,0.8036,0.0307,5.3098,-0.3789,2.3104,2.2848,568.648
108,8.9365,8.7582,0.98,7.0,0.2,19.8,0.2698,63,0.49,2.8177,7.2689,1.2294,4.1839,0.7847,0.0334,5.2268,-0.3807,1.6676,2.5162,517.7387
109,8.3492,7.7816,0.932,7.0,0.2,18.4,0.3016,63,0.466,2.8139,7.2591,1.1502,3.6086,0.7605,0.0399,5.185,-0.3607,1.0901,2.5185,446.5514
110,8.8548,7.7329,0.8733,7.0,1.1,19.0,0.2581,62,0.4367,2.805,7.236,1.2237,3.8531,0.7781,0.0385,5.2693,-0.3526,1.6189,2.2342,476.8111
111,8.3548,7.5403,0.9025,6.5,1.0,16.8,0.2581,62,0.4513,2.8037,7.2328,1.1551,3.5463,0.7599,0.0412,5.1961,-0.3531,1.122,2.4243,438.8458
112,8.0323,7.6179,0.9484,5.5,1.0,16.8,0.3065,62,0.4742,2.8017,7.2275,1.1113,3.423,0.7504,0.0417,5.1005,-0.3581,0.8048,2.6182,423.5799
113,8.1452,7.7435,0.9507,5.5,1.0,17.0,0.3387,62,0.4753,2.8012,7.2262,1.1272,3.5143,0.7553,0.0406,5.1176,-0.3605,0.919,2.5953,434.8799
114,8.3125,7.9679,0.9585,5.0,1.0,17.7,0.3594,64,0.4793,2.7986,7.2195,1.1514,3.6639,0.7629,0.0388,5.134,-0.3649,1.093,2.5709,453.3969
115,7.6719,6.6597,0.8681,5.0,1.0,17.0,0.3594,64,0.434,2.792,7.2026,1.0652,2.9607,0.7275,0.0499,5.0964,-0.3326,0.4693,2.4914,366.3786
116,7.2812,6.6583,0.9144,4.5,1.0,17.0,0.375,64,0.4572,2.7899,7.1972,1.0117,2.7978,0.7135,0.0511,4.9566,-0.3346,0.0841,2.7137,346.218
117,7.3125,6.1124,0.8359,5.0,1.0,16.4,0.3594,64,0.4179,2.7851,7.1848,1.0178,2.6279,0.7059,0.0564,5.0391,-0.3175,0.1277,2.5002,325.1888
118,6.6154,5.7356,0.867,5.0,0.4,15.0,0.4,65,0.4335,2.8071,7.2415,0.9135,2.2078,0.6656,0.0635,4.8165,-0.308,0.0,2.2078,273.2125
119,6.7538,6.1696,0.9135,4.0,0.0,15.0,0.3846,65,0.4567,2.7769,7.1637,0.9428,2.4369,0.6865,0.0575,4.7886,-0.3205,0.0,2.4369,301.5562
120,6.4923,6.19,0.9534,4.0,0.0,15.0,0.4,65,0.4767,2.7737,7.1554,0.9073,2.3551,0.6789,0.0579,4.6504,-0.321,0.0,2.3551,291.4356
121,6.5606,6.3224,0.9637,4.0,0.0,16.0,0.3939,66,0.4818,2.769,7.1432,0.9184,2.4291,0.6852,0.0562,4.6597,-0.3249,0.0,2.4291,300.588
122,6.2576,6.274,1.0026,4.0,0.0,15.0,0.4242,66,0.5013,2.7632,7.1281,0.8779,2.3162,0.6761,0.0573,4.4982,-0.3228,0.0,2.3162,286.6188
123,6.7576,6.3344,0.9374,5.0,0.0,15.5,0.3636,66,0.4687,2.7632,7.1281,0.948,2.5073,0.6925,0.0555,4.7509,-0.3248,0.0,2.5073,310.272
124,6.9848,6.0827,0.8708,6.0,0.0,14.5,0.3182,66,0.4354,2.7583,7.1156,0.9816,2.5087,0.6958,0.0575,4.8874,-0.3163,0.0,2.5087,310.4372
125,6.8923,5.8952,0.8553,6.0,0.0,14.6,0.3077,65,0.4277,2.7545,7.1057,0.97,2.41,0.6887,0.06,4.8722,-0.3105,0.0,2.41,298.2308
126,7.2031,6.8503,0.951,6.0,0.0,15.7,0.3281,64,0.4755,2.7488,7.091,1.0158,2.8665,0.7197,0.0492,4.8518,-0.338,0.1121,2.7544,354.722
127,7.5938,7.0005,0.9219,6.0,0.0,17.4,0.3125,64,0.4609,2.7463,7.0847,1.0719,3.0813,0.7353,0.0468,4.9713,-0.34,0.5091,2.5722,381.2991
128,7.5469,7.1357,0.9455,5.5,0.0,17.7,0.3281,64,0.4728,2.7407,7.0701,1.0674,3.1104,0.7364,0.0458,4.9305,-0.3437,0.4768,2.6336,384.9055
129,7.7937,7.1237,0.914,6.0,0.0,17.8,0.3016,63,0.457,2.7367,7.0598,1.1039,3.2187,0.745,0.0451,5.0052,-0.3413,0.7338,2.4848,398.2977
130,8.45,8.2327,0.9743,6.0,0.0,18.1,0.2833,60,0.4871,2.7303,7.0432,1.1997,3.8761,0.7769,0.0363,5.0436,-0.3647,1.4068,2.4694,479.6599
131,8.3167,8.1874,0.9845,6.0,0.0,18.1,0.2667,60,0.4922,2.7235,7.0259,1.1837,3.8049,0.7735,0.0368,5.007,-0.3643,1.2908,2.5141,470.8446
132,8.5932,8.2882,0.9645,6.0,0.0,17.4,0.2712,59,0.4823,2.6742,6.8985,1.2457,4.0201,0.7878,0.035,4.9837,-0.3593,1.6947,2.3254,497.4768
133,8.7627,8.2448,0.9409,7.0,0.0,17.4,0.2712,59,0.4704,2.6257,6.7735,1.2937,4.1472,0.7982,0.0341,4.9334,-0.351,1.9892,2.158,513.1987
134,8.1356,8.4189,1.0348,5.0,0.0,17.4,0.3559,59,0.5174,2.6257,6.7735,1.2011,3.8809,0.7815,0.035,4.7992,-0.3634,1.3621,2.5188,480.2534
135,7.4915,8.4759,1.1314,4.0,0.0,17.4,0.4237,59,0.5657,2.6257,6.7735,1.106,3.609,0.7674,0.036,4.5779,-0.3695,0.718,2.8909,446.596
136,7.1,8.3172,1.1714,4.0,0.0,17.0,0.45,60,0.5857,2.6257,6.7735,1.0482,3.4007,0.7577,0.0376,4.4372,-0.3672,0.3265,3.0742,420.8217
137,6.9016,7.6978,1.1154,4.0,0.0,16.0,0.4262,61,0.5577,2.5279,6.5211,1.0584,3.203,0.7534,0.041,4.3543,-0.3463,0.3805,2.8225,396.3646
138,7.0333,7.7982,1.1088,4.0,0.0,16.1,0.4333,60,0.5544,2.5257,6.5155,1.0795,3.2899,0.7582,0.04,4.3907,-0.348,0.5179,2.772,407.1092
139,7.6949,8.8712,1.1529,4.0,0.0,17.8,0.4237,59,0.5764,2.5238,6.5107,1.1819,3.9007,0.7869,0.0328,4.4738,-0.3685,1.1842,2.7164,482.6922
140,7.7833,8.9388,1.1484,4.0,0.0,18.3,0.4333,60,0.5742,2.5227,6.5079,1.196,3.9614,0.7895,0.0323,4.4929,-0.3692,1.2755,2.6859,490.2065
141,7.5,8.2198,1.096,4.0,0.1,17.9,0.4516,62,0.548,2.5179,6.4956,1.1546,3.6259,0.7756,0.0364,4.4923,-0.3546,1.0044,2.6215,448.6919
142,7.6129,8.2469,1.0833,4.0,1.0,17.9,0.4516,62,0.5416,2.5123,6.4809,1.1747,3.6901,0.7791,0.036,4.5185,-0.3539,1.132,2.5581,456.6312
143,7.2581,7.9978,1.1019,4.0,0.1,16.0,0.4516,62,0.551,2.5106,6.4765,1.1207,3.4588,0.7679,0.0382,4.4299,-0.3503,0.7815,2.6772,428.0086
144,7.6613,8.2461,1.0763,5.0,0.1,18.0,0.4355,62,0.5382,2.5089,6.4721,1.1837,3.7151,0.7807,0.0358,4.5291,-0.3532,1.1892,2.526,459.7355
145,8.3667,8.415,1.0058,6.5,0.9,20.1,0.3833,60,0.5029,2.5083,6.4706,1.293,4.1107,0.8005,0.0332,4.6773,-0.3494,1.896,2.2147,508.6841
146,8.8,8.6412,0.982,7.0,1.0,21.1,0.35,60,0.491,2.5077,6.4692,1.3603,4.4051,0.8137,0.031,4.7188,-0.3486,2.3308,2.0742,545.1151
147,9.1379,8.648,0.9464,7.0,1.0,21.3,0.3448,58,0.4732,2.5036,6.4586,1.4148,4.6023,0.8239,0.0299,4.7299,-0.3424,2.6793,1.923,569.5218
148,9.1207,8.6229,0.9454,7.0,1.0,20.6,0.3621,58,0.4727,2.5017,6.4537,1.4132,4.5881,0.8236,0.03,4.7263,-0.3418,2.667,1.9211,567.7563
149,9.7627,10.6226,1.0881,7.0,0.8,20.4,0.3729,59,0.544,2.5008,6.4514,1.5133,5.4606,0.8422,0.0227,4.7083,-0.3793,3.3114,2.1492,675.73
150,9.0339,9.9359,1.0999,5.0,0.8,18.2,0.3729,59,0.5499,2.5005,6.4506,1.4005,4.8809,0.8248,0.026,4.6601,-0.3753,2.5833,2.2976,603.9929
151,8.7586,9.9354,1.1344,5.0,1.0,18.3,0.3966,58,0.5672,2.5,6.4493,1.3581,4.7351,0.8192,0.0265,4.6088,-0.379,2.3093,2.4258,585.953
152,8.3276,9.4245,1.1317,5.5,0.7,18.0,0.3966,58,0.5659,2.4998,6.4489,1.2913,4.3786,0.8071,0.0291,4.5612,-0.3728,1.8787,2.4999,541.8424
153,8.4737,9.4266,1.1125,6.0,0.6,18.0,0.386,57,0.5562,2.4986,6.4456,1.3147,4.4539,0.8103,0.0288,4.5941,-0.371,2.0281,2.4258,551.1581
154,8.1034,9.4473,1.1658,5.0,0.7,18.0,0.4138,58,0.5829,2.4972,6.4421,1.2579,4.2778,0.8032,0.0293,4.4932,-0.3751,1.6614,2.6165,529.368
155,7.7018,9.2774,1.2046,5.0,0.0,18.0,0.4211,57,0.6023,2.4954,6.4373,1.1964,4.0445,0.7945,0.0307,4.3825,-0.3743,1.2645,2.7801,500.4987
156,7.3559,9.4646,1.2867,5.0,0.0,18.0,0.4576,59,0.6433,2.4948,6.4358,1.143,3.9472,0.7921,0.0303,4.215,-0.3792,0.9202,3.027,488.4503
157,6.8276,9.2189,1.3502,4.0,0.0,17.3,0.4828,58,0.6751,2.4928,6.4306,1.0617,3.6633,0.7832,0.0319,4.0098,-0.3744,0.397,3.2663,453.3177
158,7.0339,9.57,1.3606,4.0,0.0,18.0,0.4576,59,0.6803,2.4918,6.4282,1.0942,3.8471,0.7909,0.03,4.0447,-0.3807,0.6057,3.2414,476.0611
159,6.5763,9.3628,1.4237,4.0,0.0,14.6,0.4576,59,0.7119,2.4898,6.4229,1.0239,3.6125,0.7848,0.0312,3.845,-0.3753,0.1533,3.4592,447.0359
160,6.2881,7.7372,1.2304,4.0,0.0,13.2,0.4407,59,0.6152,2.4889,6.4207,0.9794,3.0121,0.7479,0.0413,4.0143,-0.3449,0.0,3.0121,372.7362
161,6.6271,7.8497,1.1845,4.0,0.0,14.6,0.4237,59,0.5922,2.4853,6.4114,1.0336,3.1755,0.7557,0.04,4.1605,-0.3472,0.2157,2.9598,392.9578
162,6.7667,7.9434,1.1739,4.0,0.0,17.1,0.4167,60,0.5869,2.4848,6.4101,1.0556,3.2595,0.7599,0.0391,4.2081,-0.349,0.3565,2.903,403.3501
163,6.9492,8.2492,1.1871,4.0,0.0,18.0,0.4237,59,0.5935,2.483,6.4054,1.0849,3.4282,0.7686,0.0369,4.2344,-0.3551,0.5438,2.8844,424.227
164,6.7333,8.2212,1.221,4.0,0.0,18.0,0.45,60,0.6105,2.4772,6.3905,1.0537,3.3379,0.7653,0.0374,4.1356,-0.3544,0.3429,2.9951,413.0599
165,6.3833,8.0866,1.2668,4.0,0.0,18.0,0.4667,60,0.6334,2.4742,6.3827,1.0001,3.1665,0.7584,0.0386,3.9835,-0.3512,0.0006,3.1659,391.8474
166,6.4667,8.0874,1.2506,4.0,0.0,18.0,0.4667,60,0.6253,2.48,6.3977,1.0108,3.1933,0.7588,0.0385,4.0319,-0.3518,0.069,3.1243,395.1611
167,6.5254,7.6121,1.1665,4.0,0.0,16.4,0.4237,59,0.5833,2.4672,6.3647,1.0252,3.075,0.7511,0.0416,4.1374,-0.3407,0.1607,2.9143,380.5217
168,6.9833,8.1584,1.1683,4.0,0.0,18.0,0.4167,60,0.5841,2.4644,6.3573,1.0985,3.4291,0.7697,0.0372,4.2442,-0.3515,0.626,2.8031,424.3433
169,7.1864,7.8355,1.0903,5.0,0.0,18.0,0.3898,59,0.5452,2.4463,6.3106,1.1388,3.433,0.7712,0.0386,4.3513,-0.3417,0.8758,2.5571,424.8202
170,7.5,7.9477,1.0597,5.0,0.0,18.0,0.3793,58,0.5298,2.4463,6.3106,1.1885,3.609,0.7804,0.0372,4.4367,-0.3419,1.1894,2.4196,446.5953
171,6.7857,6.6544,0.9806,4.5,0.0,17.0,0.3929,56,0.4903,2.4463,6.3106,1.0753,2.89,0.7427,0.0485,4.3785,-0.3144,0.4751,2.4149,357.6312
172,6.1404,6.3792,1.0389,4.0,0.0,14.0,0.4386,57,0.5194,2.4733,6.3803,0.9624,2.5228,0.7139,0.0533,4.1766,-0.311,0.0,2.5228,312.1836
173,6.0182,6.2553,1.0394,4.0,0.0,14.0,0.4364,55,0.5197,2.4733,6.3803,0.9433,2.437,0.7074,0.0549,4.1372,-0.3077,0.0,2.437,301.57
174,5.625,5.7162,1.0162,4.0,0.5,14.0,0.4464,56,0.5081,2.4463,6.3106,0.8914,2.1355,0.6841,0.0622,4.0013,-0.2908,0.0,2.1355,264.2641
175,5.4286,5.6628,1.0432,4.0,0.0,14.0,0.4643,56,0.5216,2.4463,6.3106,0.8602,2.0551,0.677,0.0634,3.8978,-0.2888,0.0,2.0551,254.3055
176,5.8571,6.0436,1.0318,4.5,0.0,14.0,0.4643,56,0.5159,2.4463,6.3106,0.9281,2.3278,0.7008,0.0575,4.0683,-0.3004,0.0,2.3278,288.0574
177,5.4545,6.067,1.1123,3.0,0.0,14.0,0.5091,55,0.5561,2.4282,6.2639,0.8708,2.2182,0.6945,0.0578,3.8239,-0.2994,0.0,2.2182,274.4906
178,4.875,5.9423,1.2189,3.0,0.0,14.0,0.5714,56,0.6095,2.4239,6.2529,0.7796,2.0164,0.6828,0.06,3.4739,-0.2927,0.0,2.0164,249.5204
179,4.4,4.7633,1.0826,3.0,0.0,12.8,0.5818,55,0.5413,2.4216,6.2469,0.7043,1.4748,0.6166,0.0801,3.3596,-0.2538,0.0,1.4748,182.4993
180,3.5893,4.3013,1.1984,2.0,0.0,9.5,0.6607,56,0.5992,2.4187,6.2395,0.5752,1.1682,0.5829,0.0907,2.8019,-0.2296,0.0,1.1682,144.5621
181,3.1607,3.846,1.2168,2.0,0.0,7.0,0.6964,56,0.6084,2.4156,6.2316,0.5072,0.9513,0.5481,0.103,2.5035,-0.2071,0.0,0.9513,117.7175
182,3.1579,4.1179,1.304,2.0,0.0,7.0,0.7193,57,0.652,2.4132,6.2252,0.5073,1.0589,0.5781,0.095,2.4711,-0.2178,0.0,1.0589,131.0395
183,3.4912,4.8186,1.3802,2.0,0.0,8.2,0.7368,57,0.6901,2.4114,6.2206,0.5612,1.3587,0.6307,0.0783,2.6348,-0.2453,0.0,1.3587,168.1335
184,3.678,4.8439,1.317,2.0,0.0,10.4,0.7119,59,0.6585,2.4105,6.2183,0.5915,1.3909,0.6273,0.0781,2.7838,-0.2488,0.0,1.3909,172.1162
185,3.55,4.8413,1.3637,2.0,0.0,10.2,0.7167,60,0.6819,2.4088,6.214,0.5713,1.3748,0.6309,0.0779,2.6787,-0.2468,0.0,1.3748,170.1289
186,4.0167,5.4664,1.3609,2.0,0.0,12.2,0.6833,60,0.6805,2.4071,6.2096,0.6469,1.6738,0.6639,0.0667,2.9303,-0.2705,0.0,1.6738,207.1313
187,3.9474,5.2318,1.3254,2.0,0.0,10.8,0.6667,57,0.6627,2.4066,6.2083,0.6358,1.5765,0.6501,0.0708,2.9239,-0.2634,0.0,1.5765,195.0891
188,4.5517,5.8194,1.2785,3.0,0.0,12.6,0.6034,58,0.6393,2.4038,6.2012,0.734,1.907,0.6788,0.0615,3.2606,-0.2859,0.0,1.907,235.9802
189,5.0179,5.9375,1.1833,3.0,0.0,13.5,0.5536,56,0.5916,2.4021,6.1968,0.8097,2.0636,0.6864,0.0597,3.5583,-0.2927,0.0,2.0636,255.3651
190,5.2,6.1776,1.188,3.0,0.0,14.0,0.5455,55,0.594,2.4017,6.1956,0.8393,2.1985,0.698,0.0565,3.627,-0.2999,0.0,2.1985,272.0514
191,5.2321,6.0573,1.1577,3.0,0.0,14.0,0.5179,56,0.5789,2.4011,6.1942,0.8447,2.1659,0.6939,0.0579,3.6712,-0.297,0.0,2.1659,268.0207
192,5.125,6.0575,1.1819,3.0,0.0,14.0,0.5357,56,0.591,2.4006,6.1928,0.8276,2.136,0.6926,0.058,3.6027,-0.2964,0.0,2.136,264.3238
193,4.9825,6.0282,1.2099,3.0,0.0,14.0,0.5439,57,0.6049,2.3399,6.0361,0.8254,2.1218,0.6975,0.0579,3.4779,-0.2919,0.0,2.1218,262.5679
194,4.8545,5.7491,1.1843,3.0,0.0,13.6,0.5455,55,0.5921,2.3695,6.1125,0.7942,1.9723,0.6808,0.0621,3.4686,-0.2853,0.0,1.9723,244.0656
195,5.1111,6.1634,1.2059,3.0,0.0,14.7,0.5556,54,0.6029,2.3995,6.1899,0.8257,2.1699,0.6968,0.0567,3.5714,-0.2989,0.0,2.1699,268.5236
196,5.2453,6.1921,1.1805,3.0,0.0,14.8,0.5472,53,0.5903,2.399,6.1888,0.8475,2.218,0.6994,0.0562,3.6508,-0.3004,0.0,2.218,274.4761
197,5.0,5.8978,1.1796,3.0,0.0,14.0,0.5769,52,0.5898,2.3986,6.1878,0.808,2.0468,0.685,0.0602,3.5525,-0.2914,0.0,2.0468,253.2818
198,4.6415,5.7147,1.2312,3.0,0.0,13.8,0.6038,53,0.6156,2.3975,6.1849,0.7505,1.8928,0.6744,0.063,3.3438,-0.2838,0.0,1.8928,234.2252
199,4.0385,5.0253,1.2444,2.5,0.0,13.0,0.6731,52,0.6222,2.3969,6.1834,0.6531,1.5185,0.6363,0.0747,3.0322,-0.2583,0.0,1.5185,187.9126
200,4.037,5.1026,1.2639,2.0,0.0,13.7,0.6852,54,0.632,2.3954,6.1793,0.6533,1.5479,0.6417,0.0732,3.0158,-0.2605,0.0,1.5479,191.5503
201,3.7857,4.8344,1.277,2.0,0.0,12.5,0.6964,56,0.6385,2.3937,6.175,0.6131,1.4085,0.6264,0.0783,2.8676,-0.2495,0.0,1.4085,174.2934
202,4.2545,5.2005,1.2223,2.0,0.0,13.6,0.6909,55,0.6112,2.3921,6.1708,0.6895,1.6253,0.6469,0.0715,3.1618,-0.2657,0.0,1.6253,201.1251
203,4.2545,5.2466,1.2332,2.0,0.0,13.6,0.6909,55,0.6166,2.3891,6.1631,0.6903,1.6438,0.6501,0.0706,3.1516,-0.2669,0.0,1.6438,203.4143
204,4.4151,5.1007,1.1553,3.0,0.0,12.8,0.6604,53,0.5776,2.3861,6.1554,0.7173,1.6234,0.6421,0.0732,3.2968,-0.264,0.0,1.6234,200.8902
205,4.2264,4.8976,1.1588,2.0,0.0,11.8,0.6415,53,0.5794,2.3882,6.1608,0.686,1.5082,0.6286,0.0772,3.1955,-0.256,0.0,1.5082,186.6358
206,3.8077,4.307,1.1311,2.0,0.0,9.9,0.6538,52,0.5656,2.3864,6.1562,0.6185,1.2119,0.5857,0.0905,2.9677,-0.2316,0.0,1.2119,149.9668
207,3.8654,4.3523,1.126,2.0,0.0,9.9,0.6538,52,0.563,2.3839,6.1498,0.6285,1.2391,0.5896,0.0893,3.006,-0.2338,0.0,1.2391,153.337
208,3.4808,4.0268,1.1569,2.0,0.0,8.9,0.6731,52,0.5784,2.3815,6.1435,0.5666,1.0626,0.5641,0.0978,2.7413,-0.2175,0.0,1.0626,131.4956
209,4.0385,5.0603,1.253,2.0,0.0,10.8,0.6538,52,0.6265,2.3705,6.1151,0.6604,1.5433,0.642,0.0738,3.016,-0.2586,0.0,1.5433,190.9758
210,3.963,5.0093,1.264,2.0,0.0,10.4,0.6481,54,0.632,2.3705,6.1151,0.6481,1.5114,0.6393,0.0747,2.9672,-0.2563,0.0,1.5114,187.0278
211,4.0943,5.1525,1.2585,2.0,0.0,9.0,0.6415,53,0.6292,2.3705,6.1151,0.6695,1.5875,0.6475,0.0721,3.041,-0.2619,0.0,1.5875,196.4521
212,4.1154,5.1398,1.2489,2.0,0.0,9.0,0.6154,52,0.6245,2.3705,6.1151,0.673,1.5866,0.6465,0.0723,3.0596,-0.2618,0.0,1.5866,196.3395
213,3.7692,4.747,1.2594,2.0,0.0,9.0,0.6154,52,0.6297,2.3705,6.1151,0.6164,1.3823,0.623,0.08,2.8632,-0.246,0.0,1.3823,171.0611
214,4.1154,4.9731,1.2084,2.5,0.0,9.0,0.5769,52,0.6042,2.3705,6.1151,0.673,1.5243,0.6358,0.0755,3.0914,-0.2569,0.0,1.5243,188.629
215,4.1154,5.1131,1.2424,2.0,0.0,9.0,0.5962,52,0.6212,2.3705,6.1151,0.673,1.5767,0.6448,0.0728,3.0648,-0.261,0.0,1.5767,195.1069
216,4.0769,5.0907,1.2487,2.0,0.0,9.0,0.6154,52,0.6243,2.3705,6.1151,0.6667,1.5614,0.6436,0.0732,3.0397,-0.26,0.0,1.5614,193.2203
217,3.9811,5.0478,1.2679,2.0,0.0,9.0,0.6226,53,0.634,2.365,6.101,0.6525,1.5312,0.6424,0.0739,2.972,-0.2575,0.0,1.5312,189.4812
218,3.8654,5.0216,1.2991,2.0,0.0,9.0,0.6346,52,0.6496,2.3595,6.0868,0.635,1.5048,0.6428,0.0743,2.8844,-0.2552,0.0,1.5048,186.2175
219,4.1538,5.0812,1.2233,2.0,0.0,9.0,0.5962,52,0.6116,2.28,5.8817,0.7062,1.6147,0.6544,0.0726,3.0628,-0.2578,0.0,1.6147,199.8165
220,4.0588,5.2551,1.2947,2.0,0.0,9.0,0.6078,51,0.6474,2.28,5.8817,0.6901,1.6596,0.6653,0.0693,2.9563,-0.2615,0.0,1.6596,205.3685
221,4.4082,5.6969,1.2924,2.0,0.0,10.0,0.5918,49,0.6462,2.2978,5.9277,0.7437,1.8835,0.6855,0.0623,3.1296,-0.2771,0.0,1.8835,233.0753
222,4.125,5.4093,1.3113,2.0,0.0,9.3,0.6042,48,0.6557,2.3158,5.974,0.6905,1.7122,0.6695,0.067,2.9896,-0.2675,0.0,1.7122,211.8738
223,3.875,5.4093,1.396,2.0,0.0,9.3,0.6458,48,0.698,2.3339,6.0208,0.6436,1.6593,0.6713,0.0668,2.8021,-0.2646,0.0,1.6593,205.3353
224,3.7551,5.4906,1.4622,1.0,0.0,10.0,0.6735,49,0.7311,2.3521,6.0678,0.6189,1.6623,0.6778,0.0653,2.6936,-0.265,0.0,1.6623,205.7085
225,3.4082,5.1918,1.5233,2.0,0.0,9.2,0.7143,49,0.7617,2.3519,6.0671,0.5617,1.5076,0.6698,0.0698,2.4692,-0.2517,0.0,1.5076,186.5617
226,3.1,4.958,1.5994,1.0,0.0,8.1,0.72,50,0.7997,2.3516,6.0664,0.511,1.3913,0.6676,0.0733,2.2517,-0.2396,0.0,1.3913,172.17
227,2.9804,4.8887,1.6403,1.0,0.0,8.0,0.7255,51,0.8201,2.351,6.0649,0.4914,1.3566,0.6697,0.0741,2.1594,-0.2351,0.0,1.3566,167.8798
228,3.44,5.0916,1.4801,2.0,0.0,9.1,0.68,50,0.7401,2.3504,6.0634,0.5673,1.4754,0.6609,0.0719,2.5183,-0.25,0.0,1.4754,182.5739
229,3.66,5.1373,1.4036,2.0,0.0,9.1,0.64,50,0.7018,2.3499,6.0619,0.6038,1.5209,0.6566,0.0716,2.6921,-0.2551,0.0,1.5209,188.2054
230,3.62,5.1106,1.4118,2.0,0.0,9.1,0.64,50,0.7059,2.3493,6.0605,0.5973,1.5057,0.656,0.072,2.6647,-0.2537,0.0,1.5057,186.3283
231,3.2453,3.7719,1.1623,2.0,0.0,8.0,0.6415,53,0.5811,2.3488,6.0592,0.5356,0.9509,0.5468,0.105,2.5715,-0.2044,0.0,0.9509,117.6659
232,3.0182,3.4345,1.1379,2.0,0.0,8.0,0.6545,55,0.569,2.3483,6.0579,0.4982,0.8004,0.5127,0.1161,2.4069,-0.1872,0.0,0.8004,99.0418
233,2.8302,3.3325,1.1775,2.0,0.0,7.6,0.6792,53,0.5887,2.3473,6.0554,0.4674,0.751,0.5062,0.1197,2.2579,-0.1807,0.0,0.751,92.9301
234,2.8868,3.2972,1.1422,2.0,0.0,7.6,0.6792,53,0.5711,2.3463,6.0528,0.4769,0.7395,0.4991,0.121,2.3033,-0.1794,0.0,0.7395,91.5063
235,2.9412,3.1649,1.0761,2.0,0.0,6.0,0.6667,51,0.538,2.3453,6.0503,0.4861,0.6895,0.479,0.1259,2.3435,-0.173,0.0,0.6895,85.3295
236,2.8776,3.2316,1.123,2.0,0.0,6.4,0.6735,49,0.5615,2.3443,6.0477,0.4758,0.7135,0.4906,0.1234,2.2953,-0.176,0.0,0.7135,88.2902
237,3.4694,3.6061,1.0394,2.0,0.0,8.2,0.6122,49,0.5197,2.3427,6.0436,0.5741,0.9096,0.5271,0.1104,2.7618,-0.1991,0.0,0.9096,112.5649
238,3.6957,3.829,1.0361,2.0,0.0,9.0,0.587,46,0.518,2.3411,6.0394,0.6119,1.0275,0.5504,0.1034,2.9252,-0.211,0.0,1.0275,127.1461
239,3.6383,4.5988,1.264,2.0,0.0,9.0,0.6383,47,0.632,2.3395,6.0353,0.6028,1.32,0.6177,0.0829,2.7758,-0.2391,0.0,1.32,163.3507
240,3.5217,4.5837,1.3016,2.0,0.0,9.0,0.6739,46,0.6508,2.3379,6.0311,0.5839,1.2998,0.6191,0.0831,2.6837,-0.2372,0.0,1.2998,160.8514
241,3.8222,5.2798,1.3814,2.0,0.0,9.6,0.6889,45,0.6907,2.3373,6.0295,0.6339,1.6023,0.6637,0.0691,2.7891,-0.2608,0.0,1.6023,198.2813
242,3.7857,5.4929,1.451,1.0,0.0,9.9,0.6905,42,0.7255,2.3369,6.0284,0.628,1.6737,0.6786,0.0652,2.7125,-0.2651,0.0,1.6737,207.1195
243,4.4048,5.9225,1.3446,2.0,0.0,12.7,0.6429,42,0.6723,2.3364,6.0271,0.7308,1.9438,0.6924,0.0594,3.0973,-0.284,0.0,1.9438,240.5334
244,4.1111,5.8201,1.4157,1.0,0.0,11.8,0.6667,45,0.7079,2.3359,6.0259,0.6822,1.8475,0.6908,0.0605,2.8973,-0.2776,0.0,1.8475,228.6211
245,4.3111,5.9384,1.3775,1.0,0.0,13.0,0.6667,45,0.6887,2.3353,6.0244,0.7156,1.9297,0.6943,0.059,3.0235,-0.283,0.0,1.9297,238.7883
246,4.1489,5.842,1.4081,2.0,0.0,13.0,0.6809,47,0.704,2.3347,6.0229,0.6889,1.863,0.6915,0.0603,2.9212,-0.2786,0.0,1.863,230.546
247,4.5319,5.9119,1.3045,2.0,0.0,13.0,0.6383,47,0.6522,2.3342,6.0216,0.7526,1.9698,0.6915,0.0596,3.1911,-0.2851,0.0,1.9698,243.7536
248,4.0,5.8853,1.4713,2.0,0.0,12.6,0.7111,45,0.7357,2.3337,6.0204,0.6644,1.8504,0.6971,0.0593,2.7938,-0.277,0.0,1.8504,228.9809
249,3.8043,5.7643,1.5152,1.5,0.0,12.5,0.7174,46,0.7576,2.3333,6.0191,0.632,1.7742,0.6954,0.0607,2.6635,-0.2709,0.0,1.7742,219.5552
250,3.7209,5.3333,1.4333,2.0,0.0,12.8,0.6977,43,0.7167,2.3328,6.0179,0.6183,1.6077,0.6704,0.0679,2.6938,-0.2603,0.0,1.6077,198.953
251,3.5714,5.4287,1.52,1.0,0.0,12.9,0.7143,42,0.76,2.3328,6.0179,0.5935,1.6203,0.6819,0.0657,2.5479,-0.2595,0.0,1.6203,200.5033
252,3.1579,4.8072,1.5223,1.0,0.0,12.3,0.7368,38,0.7611,2.3328,6.0179,0.5248,1.3468,0.6531,0.0768,2.3317,-0.2372,0.0,1.3468,166.6669
253,3.2286,4.9115,1.5213,1.0,0.0,12.6,0.7429,35,0.7606,2.3328,6.0179,0.5365,1.392,0.6582,0.0748,2.3707,-0.2411,0.0,1.392,172.2509
254,2.4483,3.8876,1.5879,1.0,0.0,8.0,0.7931,29,0.7939,2.3328,6.0179,0.4068,0.9668,0.6108,0.0986,1.8776,-0.1976,0.0,0.9668,119.6348
255,2.875,4.1527,1.4444,1.5,0.0,10.5,0.75,24,0.7222,2.3328,6.0179,0.4777,1.0799,0.6064,0.0926,2.2118,-0.2139,0.0,1.0799,133.635
256,2.6316,3.9751,1.5105,1.0,0.0,8.0,0.7368,19,0.7553,2.3328,6.0179,0.4373,1.0026,0.6042,0.0969,2.0276,-0.204,0.0,1.0026,124.0709
