position,n,mean,sd,cv,bust,surp
QB,57,15.1228,18.6011,1.23,0.4211,-2.8188
WR,170,9.7882,11.1128,1.1353,0.4118,-1.0224
RB,130,9.7462,10.9745,1.126,0.3846,1.348
TE,75,5.64,6.2529,1.1087,0.48,-2.3166
CB,57,7.2982,7.8421,1.0745,0.4211,-4.4086
DB,196,8.0918,8.486,1.0487,0.3724,-0.8955
DE,119,10.7311,11.1869,1.0425,0.3193,-1.5505
LB,179,11.9162,11.7836,0.9889,0.3184,1.8405
G,82,11.0122,10.3846,0.943,0.2927,1.529
S,30,8.3,7.4886,0.9022,0.3333,-1.3705
DT,114,12.3947,11.1717,0.9013,0.2456,1.7567
T,97,15.2577,11.2595,0.738,0.1649,0.5331
C,31,14.8387,10.325,0.6958,0.1935,6.1425
